metric,value
CV mean R2 (5-fold),0.893335430587249
Test RMSE,1.5597958375311536
Test R2,0.9307710157359284
CV RMSE mean,1.841254692485481
CV RMSE std,0.27550885964008964
