environment,A,k,m
H2SO4_2pct,39.976603004501506,0.21883144282508543,0.0038629132533349263
MgSO4_5pct,31.17057730650416,0.2068615564228119,3.453342567682993e-27
NaCl_3.5pct,35.73916839761812,0.13605833887921426,2.3873850686325758e-27
control,41.38453878607929,0.1307221766756415,6.939739846587956e-30
