cv_rmse_mean,cv_rmse_std,cv_r2_mean,train_rmse,train_r2,n_samples
1.858605456384792,0.3186776542100102,0.8913605114619472,0.4597624744197787,0.9941532094272479,72
