best_cv_rmse,train_rmse,train_r2,n_samples
2.2397358925558324,0.9283664405389096,0.9761609271587822,72
