cv_rmse_mean,cv_rmse_std,train_rmse,train_r2,n_samples
2.2612529524847664,0.5405012483644868,0.18714261857317438,0.9990312852799591,72
